category,url
Crime,//www.foxnews.com/category/us/crime
Military,//www.foxnews.com/category/us/military
Education,//www.foxnews.com/category/us/education
Terror,//www.foxnews.com/category/us/terror
Immigration,//www.foxnews.com/category/us/immigration
Economy,//www.foxnews.com/category/us/economy
Personal Freedoms,//www.foxnews.com/category/us/personal-freedoms
Fox News Investigates,//www.foxnews.com/category/news-events/fox-news-investigates
U.N.,//www.foxnews.com/category/world/united-nations
Conflicts,//www.foxnews.com/category/world/conflicts
Terrorism,//www.foxnews.com/category/world/terrorism
Disasters,//www.foxnews.com/category/world/disasters
Global Economy,//www.foxnews.com/category/world/global-economy
Environment,//www.foxnews.com/category/world/environment
Religion,//www.foxnews.com/category/world/world-religion
Scandals,//www.foxnews.com/category/world/scandals
Executive,//www.foxnews.com/category/politics/executive
Senate,//www.foxnews.com/category/politics/senate
House,//www.foxnews.com/category/politics/house-of-representatives
Judiciary,//www.foxnews.com/category/politics/judiciary
Foreign Policy,//www.foxnews.com/category/politics/foreign-policy
Polls,//www.foxnews.com/official-polls
Elections,//www.foxnews.com/category/politics/elections
Celebrity News,//www.foxnews.com/category/entertainment/celebrity-news
Movies,//www.foxnews.com/category/entertainment/movies
TV News,//www.foxnews.com/category/entertainment/tv
Music News,//www.foxnews.com/category/entertainment/music
Style News,//www.foxnews.com/category/entertainment/style
Entertainment Video,//video.foxnews.com/playlist/entertainment-latest-entertainment/
Markets,//www.foxbusiness.com/markets
Politics,//www.foxbusiness.com/politics
Technology,//www.foxbusiness.com/category/technology
Features,//www.foxbusiness.com/features
Business Leaders,//www.foxbusiness.com/category/business-leaders
Food + Drink,//www.foxnews.com/food-drink
Cars + Trucks,//www.foxnews.com/auto
Travel + Outdoors,//www.foxnews.com/travel
House + Home,//www.foxnews.com/category/real-estate
Fitness + Well-being,//www.foxnews.com/category/fitness-and-wellbeing
Style + Beauty,//www.foxnews.com/category/style-and-beauty
Family,//www.foxnews.com/family
Faith,//www.foxnews.com/category/faith-values/faith
Archaeology,//www.foxnews.com/category/science/archaeology
Air & Space,//www.foxnews.com/category/science/air-and-space
Planet Earth,//www.foxnews.com/category/science/planet-earth
Wild Nature,//www.foxnews.com/category/science/wild-nature
Natural Science,//www.foxnews.com/category/science/natural-science
Dinosaurs,//www.foxnews.com/category/science/archaeology/dinosaurs
Security,//www.foxnews.com/category/tech/topics/security
Innovation,//www.foxnews.com/category/tech/topics/innovation
Drones,//www.foxnews.com/category/tech/technologies/drones
Computers,//www.foxnews.com/category/tech/topics/computers
Video Games,//www.foxnews.com/category/tech/topics/video-games
Military Tech,//www.foxnews.com/category/tech/topics/military-tech
Healthy Living,//www.foxnews.com/category/health/healthy-living
"Medical Research
",//www.foxnews.com/category/health/medical-research
Mental Health,//www.foxnews.com/category/health/mental-health
Cancer,//www.foxnews.com/category/health/cancer
Heart Health,//www.foxnews.com/category/health/heart-health
Children's Health,//www.foxnews.com/category/health/healthy-living/childrens-health
Shows,//www.foxnews.com/shows
Personalities,//www.foxnews.com/person/personalities
"Watch Live
",//video.foxnews.com/v/5614615980001/?#sp=watch-live
Full Episodes,//video.foxnews.com/playlist/episodic-most-recent-episodes/
Show Clips,//video.foxnews.com/#sp=show-clips
News Clips,//video.foxnews.com/#sp=news-clips
Contact Us,//www.foxnews.com/contact
Careers,//foxcareers.com/Search/SearchResults?brand=Fox%20News%20Careers
Fox Around the World,//www.foxnews.com/foxaroundtheworld/
Advertise With Us,mailto:adsales@foxnews.com?subject=Advertising%20Inquiry
Media Relations,//press.foxnews.com/media-contacts/
Corporate Information,//press.foxnews.com/
Compliance,//www.foxnews.com/compliance
Supplier Diversity,//supplierdiversity.foxnews.com/
Fox Nation,//www.foxnews.com/shows/fox-nation
Fox News Shop,//shop.foxnews.com
Fox News Go,//www.foxnews.com/go
Fox News Radio,//radio.foxnews.com/
Newsletters,//www.foxnews.com/alerts/subscribe
Alerts,//www.foxnews.com/newsletter-signup/alerts
Podcasts,//radio.foxnews.com/podcast
Apps & Products,//www.foxnews.com/apps-products
Crime,//www.foxnews.com/category/us/crime
Military,//www.foxnews.com/category/us/military
Education,//www.foxnews.com/category/us/education
Terror,//www.foxnews.com/category/us/terror
Immigration,//www.foxnews.com/category/us/immigration
Economy,//www.foxnews.com/category/us/economy
Personal Freedoms,//www.foxnews.com/category/us/personal-freedoms
Fox News Investigates,//www.foxnews.com/category/news-events/fox-news-investigates
U.N.,//www.foxnews.com/category/world/united-nations
Conflicts,//www.foxnews.com/category/world/conflicts
Terrorism,//www.foxnews.com/category/world/terrorism
"
Disasters",//www.foxnews.com/category/world/disasters
Global Economy,//www.foxnews.com/category/world/global-economy
Environment,//www.foxnews.com/category/world/environment
Religion,//www.foxnews.com/category/world/world-religion
Scandals,//www.foxnews.com/category/world/scandals
Executive,//www.foxnews.com/category/politics/executive
Senate,//www.foxnews.com/category/politics/senate
House,//www.foxnews.com/category/politics/house-of-representatives
Judiciary,//www.foxnews.com/category/politics/judiciary
Foreign Policy,//www.foxnews.com/category/politics/foreign-policy
Polls,//www.foxnews.com/official-polls
Elections,//www.foxnews.com/category/politics/elections
Celebrity News,//www.foxnews.com/category/entertainment/celebrity-news
Movies,//www.foxnews.com/category/entertainment/movies
TV News,//www.foxnews.com/category/entertainment/tv
Music News,//www.foxnews.com/category/entertainment/music
Style News,//www.foxnews.com/category/entertainment/style
Entertainment Video,//video.foxnews.com/playlist/entertainment-latest-entertainment/
Markets,//www.foxbusiness.com/markets
Politics,//www.foxbusiness.com/politics
Technology,//www.foxbusiness.com/category/technology
Features,//www.foxbusiness.com/features
Business Leaders,//www.foxbusiness.com/category/business-leaders
Food + Drink,//www.foxnews.com/food-drink
Cars + Trucks,//www.foxnews.com/auto
Travel + Outdoors,//www.foxnews.com/travel
House + Home,//www.foxnews.com/category/real-estate
Fitness + Well-being,//www.foxnews.com/category/fitness-and-wellbeing
Style + Beauty,//www.foxnews.com/category/style-and-beauty
Family,//www.foxnews.com/family
Faith,//www.foxnews.com/category/faith-values/faith
Archaeology,//www.foxnews.com/category/science/archaeology
Air & Space,//www.foxnews.com/category/science/air-and-space
Planet Earth,//www.foxnews.com/category/science/planet-earth
Wild Nature,//www.foxnews.com/category/science/wild-nature
Natural Science,//www.foxnews.com/category/science/natural-science
Dinosaurs,//www.foxnews.com/category/science/archaeology/dinosaurs
Security,//www.foxnews.com/category/tech/topics/security
Innovation,//www.foxnews.com/category/tech/topics/innovation
Drones,//www.foxnews.com/category/tech/technologies/drones
Computers,//www.foxnews.com/category/tech/topics/computers
Video Games,//www.foxnews.com/category/tech/topics/video-games
Military Tech,//www.foxnews.com/category/tech/topics/military-tech
Coronavirus,//www.foxnews.com/category/health/infectious-disease/coronavirus
Healthy Living,//www.foxnews.com/category/health/healthy-living
"
Medical Research",//www.foxnews.com/category/health/medical-research
Mental Health,//www.foxnews.com/category/health/mental-health
Cancer,//www.foxnews.com/category/health/cancer
Heart Health,//www.foxnews.com/category/health/heart-health
Children's Health,//www.foxnews.com/category/health/healthy-living/childrens-health
Shows,//www.foxnews.com/shows
Personalities,//www.foxnews.com/person/personalities
Watch Live,//video.foxnews.com/v/5614615980001/?#sp=watch-live
Full Episodes,//video.foxnews.com/playlist/episodic-most-recent-episodes/
Show Clips,//video.foxnews.com/#sp=show-clips
News Clips,//video.foxnews.com/#sp=news-clips
Contact Us,//www.foxnews.com/contact
Careers,//foxcareers.com/Search/SearchResults?brand=Fox%20News%20Careers
Fox Around the World,//www.foxnews.com/foxaroundtheworld/
Advertise With Us,mailto:adsales@foxnews.com?subject=Advertising%20Inquiry
Media Relations,//press.foxnews.com/media-contacts/
Corporate Information,//press.foxnews.com/
Compliance,//www.foxnews.com/compliance
Supplier Diversity,//supplierdiversity.foxnews.com/
Fox Nation,//www.foxnews.com/shows/fox-nation
Fox News Shop,//shop.foxnews.com
Fox News Go,//www.foxnews.com/go
Fox News Radio,//radio.foxnews.com/
Newsletters,//www.foxnews.com/alerts/subscribe
Alerts,//www.foxnews.com/newsletter-signup/alerts
Podcasts,//radio.foxnews.com/podcast
Apps & Products,//www.foxnews.com/apps-products
